Echo Canyon,
Adaville,
Annona,
Baxter,
Big House,
Blair,
Blufftown,
Brownstown,
Burditt,
Coffee,
Tupelo,
Eagle,
Virgelle,
Tombigbee,
Eutaw,
Everts,
Gober,
Roxton,
Tapers Ranch,
Lea Park,
Meeker,
Hatch Mesa,
Smoky Hills,
Ojinaga,
Ozan,
Pen,
Gammon,
Rock Springs,
Rotten,
Sohare,
South Flat,
Sprinkle,
Star Point,
Shannon,
Fishtooth,
Drip Tank,
Elk Basin,
Telegraph Creek,
Temazcal,
Terlingua,
Wapiabi,
Anacacho,
Asphalt Ridge,
Blackhawk,
Serrate,
Foremost,
Morapos,
Marlbrook,
Menefee,
Mooreville,
Sharon Springs,
Hilliard,
Landslide Creek,
San Carlos,
O'Brien,
Claggett,
Chimney,
Cortez,
Masuk,
Carter,
Warm Creek,
Wahweap,
Apache,
Carten,
Lazeart,
Pflugerville,
Mancos,
Pierre,
Steele,
Straight Cliffs,
Cody,
Two Medicine,
Mesaverde,
Blue Gate,
Niobrara,
Indianola,
Ardmore,
,
,
